path,value
$.contractVersion,1
$.data.__observation.checkedAt,2026-10-01T15:27:13.950Z
$.data.__observation.maxAgeDays,14
$.data.__observation.observedAt,2026-09-28T00:00:00.000Z
$.data.__observation.period,2026-09-27/2026-09-28
$.data.__observation.status,current
$.data.aggregation.explanation,public-data.org shows each verified primary poll publication separately and does not calculate an average.
$.data.aggregation.method,none
$.data.available,true
$.data.evidencePolicy.bpcDisclosureRequired,true
$.data.evidencePolicy.secondaryAggregatorsUsedAsData,false
$.data.evidencePolicy.sourceClass,primary-pollster-publication
$.data.expiresAt,2026-10-12T00:00:00.000Z
$.data.latestPublicationDate,2026-09-28
$.data.polls[0].bpcMember,true
$.data.polls[0].commissioner,The Times and Sky News
$.data.polls[0].fieldworkEnd,2026-09-28
$.data.polls[0].fieldworkStart,2026-09-27
$.data.polls[0].geography,Great Britain
$.data.polls[0].headlineMethod,Headline voting intention from constituency vote projected by YouGov's MRP model
$.data.polls[0].id,yougov-2026-09-28
$.data.polls[0].methodologyUrl,https://yougov.com/en-gb/articles/54278-how-yougov-conducts-voting-intention-polling
$.data.polls[0].mode,Online panel
$.data.polls[0].parties.conservative,19
$.data.polls[0].parties.green,11
$.data.polls[0].parties.labour,24
$.data.polls[0].parties.liberalDemocrats,12
$.data.polls[0].parties.other,2
$.data.polls[0].parties.plaidCymru,1
$.data.polls[0].parties.reformUK,25
$.data.polls[0].parties.restoreBritain,3
$.data.polls[0].parties.snp,2
$.data.polls[0].pollster,YouGov
$.data.polls[0].population,GB adults
$.data.polls[0].publicationDate,2026-09-28
$.data.polls[0].questionText,"Now, thinking specifically about your own constituency, if there were a general election held tomorrow and these were the parties standing, which party would you vote for?"
$.data.polls[0].sampleSize,2310
$.data.polls[0].sourceUrl,https://ygo-assets-websites-editorial-emea.yougov.net/documents/VotingIntention_MRP_260928_w.pdf
$.data.polls[0].title,"Voting intention, 27-28 September 2026: Ref 25%, Lab 24%, Con 19%, LD 12%, Grn 11%"
$.data.polls[0].uncertainty,YouGov states a 9 in 10 chance that true party support lies within four points of the estimate and a 2 in 3 chance that it lies within two points.
$.generatedAt,2026-10-01T15:25:40.068Z
$.geography,United Kingdom (check each poll's sample)
$.licence.attribution,YouGov primary publication; reuse is subject to YouGov's terms.
$.licence.name,No reuse licence asserted by public-data.org
$.licence.url,https://yougov.co.uk/about/terms-combined
$.section,electionPolling
$.source.cacheState,fresh
$.source.fetchedAt,2026-10-01T15:27:13.950Z
$.source.provenance.evidenceClass,public-opinion
$.source.provenance.geography,Great Britain
$.source.provenance.operationalStatus,active
$.source.provenance.publicationCadence,as published
$.source.provenance.publicationRequirement,required
$.source.provenance.refreshCadence,daily
$.source.provenance.registryVersion,2026-08-02.1
$.source.provenance.retrieval,scheduled-publication-check
$.source.provenance.section,electionPolling
$.source.provenance.title,Primary voting-intention poll publications
$.source.provenance.upstreams[0].caveat,The private Worker discovers the latest named voting-intention article and retains the direct primary result-table URL. Each payload expires after 14 days.
$.source.provenance.upstreams[0].label,YouGov Westminster voting-intention primary tables
$.source.provenance.upstreams[0].publisher,YouGov
$.source.provenance.upstreams[0].sourceClass,primary-pollster-publication
$.source.provenance.upstreams[0].url,https://yougov.com/en-gb/articles
$.source.provenance.upstreams[1].label,British Polling Council disclosure rules
$.source.provenance.upstreams[1].publisher,British Polling Council
$.source.provenance.upstreams[1].sourceClass,methodology-standard
$.source.provenance.upstreams[1].url,https://www.britishpollingcouncil.org/objects-and-rules/
$.source.source,YouGov primary voting-intention article and result tables
$.source.status,ok
